family_id,family_display_name,family_utility_name,current_label,current_name,current_startdate,baseline_label,baseline_name,baseline_startdate,name_changed_over_window,actual_years_spanned,blended_demand_rate_cagr_10yr,blended_demand_rate_cagr_10yr_needs_review
539f6a8eec4f024411ec912f,"Time-Of-Use Agricultural and Pumping - Large: TOU-PA-3, Option E (2kV-50kV)",Southern California Edison Co,6757449af750fb7a31058c6e,"Time-Of-Use Agricultural and Pumping - Large: TOU-PA-3, Option E (2kV-50kV)",2024-10-01 06:00:00+00:00,539f6a8eec4f024411ec912f,"Time-Of-Use Agricultural and Pumping - Large: TOU-PA-3, Option A (2kV-50kV)",2014-01-01 08:00:00+00:00,True,10.746064339493497,,False
539f6a8fec4f024411ec9173,"Time-of-use - General Service - Demand Metered: TOU-GS-3, Option R (At 220kV)",Southern California Edison Co,675099c18eb34159210ca42f,"Time-of-use - General Service - Demand Metered: TOU-GS-3, Option R (At 220kV)",2024-10-01 06:00:00+00:00,539f6a8fec4f024411ec9173,"Time-of-use - General Service - Demand Metered: TOU-GS-3, Option R (at 220kV)",2014-01-01 13:00:00+00:00,True,10.746064339493497,,False
539f6aeaec4f024411ec9613,"Time of Use, General Service, Demand Metered, Option B: GS-2 TOU B, Three Phase (At 220kV)",Southern California Edison Co,675350e0043c8610d60b0fe9,"Time of Use, General Service, Demand Metered, Option B: GS-2 TOU B, Three Phase (At 220kV)",2024-10-01 06:00:00+00:00,539f6aeaec4f024411ec9613,"Time of Use, General Service, Demand Metered, Option B: GS-2 TOU B, Three Phase (At 220kV)",2014-01-29 13:00:00+00:00,False,10.669404517453799,-0.1322183957186467,False
539f6b25ec4f024411ec98e7,"Time of Use, General Service, Demand Metered, Option B: GS-2 TOU B, Three Phase (2kV - 50kV)",Southern California Edison Co,675350b9043c8610d60b0fe8,"Time of Use, General Service, Demand Metered, Option B: GS-2 TOU B, Three Phase (2kV - 50kV)",2024-10-01 06:00:00+00:00,539f6b25ec4f024411ec98e7,"Time of Use, General Service, Demand Metered, Option B: GS-2 TOU B, Three Phase (2kv - 50kV)",2014-01-29 08:00:00+00:00,True,10.669404517453799,-0.1322183957186467,False
539f6b25ec4f024411ec98f5,A-1 Small General Service TOU (Poly-Phase),Pacific Gas & Electric Co,69de8841406310365e0f080e,A-1 Small General Service TOU (Poly-Phase),2026-03-27 07:00:00+00:00,574cbfc15457a3874b5e62a0,A-1 Small General Service TOU (Poly-Phase),2016-03-24 07:00:00+00:00,False,10.00684462696783,,False
539f6b52ec4f024411ec9af5,GS-1 TOU A General Service Non-Demand Single Phase (2kV - 50 kV),Southern California Edison Co,6527327a7e3ca47f670ea041,GS-1 TOU A General Service Non-Demand Single Phase (2kV - 50 kV),2023-10-01 07:00:00+00:00,539f6b52ec4f024411ec9af5,GS-1 General Service Non-Demand Single Phase 2kV to 50 kV Discount,2013-05-16 07:00:00+00:00,True,10.376454483230663,,False
539f6bceec4f024411eca197,"Time-Of-Use Agricultural and Pumping - Large: TOU-PA-3, Option E (at 220kV)",Southern California Edison Co,675744a5f750fb7a31058c6f,"Time-Of-Use Agricultural and Pumping - Large: TOU-PA-3, Option E (at 220kV)",2024-10-01 06:00:00+00:00,539f6bceec4f024411eca197,"Time-Of-Use Agricultural and Pumping - Large: TOU-PA-3, Option A (at 220kV)",2014-01-01 08:00:00+00:00,True,10.746064339493497,,False
539f6c1bec4f024411eca5cf,Power-Agricultural and Pumping Demand Metered: PA-2 (Under 2kV),Southern California Edison Co,67572f3dc33fc66a3504cc8c,Power-Agricultural and Pumping Demand Metered: PA-2 (Under 2kV),2024-10-01 06:00:00+00:00,539f6c1bec4f024411eca5cf,Power-Agricultural and Pumping Demand Metered: PA-2 (Under 2kV),2014-01-01 08:00:00+00:00,False,10.746064339493497,-0.16943609141423177,False
539f6c48ec4f024411eca787,CI-TOD4: Commercial and Industrial TOD Subtransmission (1000+ kW),Sacramento Municipal Utility District,68c0cbf86f4f7d79f9018dbc,CI-TOD4: Commercial and Industrial TOD Subtransmission (1000+ kW),2025-05-01 07:00:00+00:00,557af9fc5457a35b328ba378,Large General Service Time of Use - GS-TOU1 (GUT_L),2015-04-10 07:00:00+00:00,True,10.05886379192334,,False
539f6c98ec4f024411ecabe3,"Time-Of-Use - General Service - Large: TOU-8, Option B (2 kV - 50kV)",Southern California Edison Co,674f36c0d1b9875c3d07cd2a,"Time-Of-Use - General Service - Large: TOU-8, Option B (2 kV - 50kV)",2024-10-01 06:00:00+00:00,539f6c98ec4f024411ecabe3,"Time-Of-Use - General Service - Large: TOU-8, Option B (2 kV - 50kV)",2014-01-01 13:00:00+00:00,False,10.746064339493497,-0.16344390319582636,False
539f6ca7ec4f024411ecac31,"E-19 Medium General Demand TOU (Primary, Voluntary)",Pacific Gas & Electric Co,69de7ec381bf8b311c0576ae,"E-19 Medium General Demand TOU (Primary, Voluntary)",2026-03-27 07:00:00+00:00,574dba4a5457a3de795e629e,"E-19 Medium General Demand TOU (Primary, Voluntary)",2016-03-24 07:00:00+00:00,False,10.00684462696783,0.04901272168239834,False
539f6d0aec4f024411ecb11d,E-20 Maximum demand of (1000 KW or more) (Secondary),Pacific Gas & Electric Co,69de817e6a1594eddb0e414d,E-20 Maximum demand of (1000 KW or more) (Secondary),2026-03-27 07:00:00+00:00,574dbcac5457a3d3795e629f,E-20 Maximum demand of (1000 KW or more) (Secondary),2016-03-24 07:00:00+00:00,False,10.00684462696783,0.055085077530296456,False
539f6d1bec4f024411ecb18b,"Time-Of-Use Agricultural and Pumping - Large: TOU-PA-3, Option E (under 2kV)",Southern California Edison Co,67574494cb9c1c6121067aaa,"Time-Of-Use Agricultural and Pumping - Large: TOU-PA-3, Option E (under 2kV)",2024-10-01 06:00:00+00:00,539f6d1bec4f024411ecb18b,"Time-Of-Use Agricultural and Pumping - Large: TOU-PA-3, Option A (under 2kV)",2014-01-01 08:00:00+00:00,True,10.746064339493497,,False
539f6d8bec4f024411ecb72b,"Time of Use, General Service, Demand Metered, Option B: GS-2 TOU B, Single Phase (50kV - 220kV)",Southern California Edison Co,675321267850a3ccad055aae,"Time of Use, General Service, Demand Metered, Option B: GS-2 TOU B, Single Phase (50kV - 220kV)",2024-10-01 06:00:00+00:00,539f6d8bec4f024411ecb72b,"Time of Use, General Service, Demand Metered, Option B: GS-2 TOU B, Single Phase (50kv - 220kV)",2014-01-29 08:00:00+00:00,True,10.669404517453799,-0.007507914906833335,False
539f6dddec4f024411ecbb63,"Time-Of-Use Agricultural and Pumping - Small to Medium: TOU-PA-2, Option E (at 220kV)",Southern California Edison Co,6757355dbe684656110eb22b,"Time-Of-Use Agricultural and Pumping - Small to Medium: TOU-PA-2, Option E (at 220kV)",2024-10-01 06:00:00+00:00,539f6dddec4f024411ecbb63,"Time-Of-Use Agricutural and Pumping - Small to Medium: TOU-PA-2, Option A (at 220kV)",2014-01-01 13:00:00+00:00,True,10.746064339493497,,False
539f6deeec4f024411ecbc53,A-10 Medium General Demand Service TOU (Secondary Voltage),Pacific Gas & Electric Co,69de8a2702f684104e01267c,A-10 Medium General Demand Service TOU (Secondary Voltage),2026-03-27 07:00:00+00:00,574cc6115457a34a4b5e629f,A-10 Medium General Demand Service TOU (Secondary Voltage),2016-03-24 07:00:00+00:00,False,10.00684462696783,,False
539f6e0bec4f024411ecbd9b,E-20 Maximum demand of (1000 KW or more) (Transmission),Pacific Gas & Electric Co,69de818ba6e15ebd62035b3b,E-20 Maximum demand of (1000 KW or more) (Transmission),2026-03-27 07:00:00+00:00,574dbe465457a3de795e629f,E-20 Maximum demand of (1000 KW or more) (Transmission),2016-03-24 07:00:00+00:00,False,10.00684462696783,0.05935624582016641,False
539f6e3bec4f024411ecbf8b,CI-TOD1: Commercial and Industrial TOD Secondary (0-20 kW),Sacramento Municipal Utility District,68c08c600a522a6ed20fe04d,CI-TOD1: Commercial and Industrial TOD Secondary (0-20 kW),2025-05-01 07:00:00+00:00,5579fc865457a3c8658ba376,Small Nondemand Service GSN-T,2015-04-10 07:00:00+00:00,True,10.05886379192334,,False
539f6e5bec4f024411ecc12b,Agriculture Power TOU Rate (AG-4C),Pacific Gas & Electric Co,69dea8633b7f6b42a805fd9f,Agriculture Power TOU Rate (AG-4C),2026-03-27 07:00:00+00:00,574dadea5457a34d795e629e,Agriculture Power TOU Rate (AG-4C),2016-03-24 07:00:00+00:00,False,10.00684462696783,0.018076532243685772,False
539f6e6cec4f024411ecc207,"Time of Use, General Service, Demand Metered, Option B: GS-2 TOU B, Single Phase (At 220kV)",Southern California Edison Co,6753212e7850a3ccad055aaf,"Time of Use, General Service, Demand Metered, Option B: GS-2 TOU B, Single Phase (At 220kV)",2024-10-01 06:00:00+00:00,539f6e6cec4f024411ecc207,"Time of Use, General Service, Demand Metered, Option B: GS-2 TOU B, Single Phase (At 220kV)",2014-01-29 13:00:00+00:00,False,10.669404517453799,-0.1322183957186467,False
539f6e9eec4f024411ecc4b9,GS-1 TOU A General Service Non-Demand Single Phase (50 kV - 220 kV),Southern California Edison Co,66d094ad53fce9ed17096f5d,GS-1 TOU A General Service Non-Demand Single Phase (50 kV - 220 kV),2024-06-01 07:00:00+00:00,539f6e9eec4f024411ecc4b9,GS-1 General Service Non-Demand Single Phase Above 50 kV but below 220 kV Discount,2014-01-01 13:00:00+00:00,True,10.412046543463381,,False
539f6eefec4f024411ecc835,GS-1 TOU A General Service Non-Demand Single Phase (At 220 kV),Southern California Edison Co,66d0949c847c0f93fa0dce7f,GS-1 TOU A General Service Non-Demand Single Phase (At 220 kV),2024-06-01 07:00:00+00:00,539f6eefec4f024411ecc835,GS-1 General Service Non-Demand Single Phase At 220 kV Discount,2014-01-01 13:00:00+00:00,True,10.412046543463381,,False
539f6ef0ec4f024411ecc871,E-20 Maximum demand of (1000 KW or more) (Primary),Pacific Gas & Electric Co,69de81851e6796dd93026d2e,E-20 Maximum demand of (1000 KW or more) (Primary),2026-03-27 07:00:00+00:00,574dbd695457a30e7e5e629f,E-20 Maximum demand of (1000 KW or more) (Primary),2016-03-24 07:00:00+00:00,False,10.00684462696783,0.05136931845339143,False
539f6f78ec4f024411eccf01,"Time-Of-Use Agricultural and Pumping - Small to Medium: TOU-PA-2, Option E (50kV-220kV)",Southern California Edison Co,67573556868aa979f00ddbfd,"Time-Of-Use Agricultural and Pumping - Small to Medium: TOU-PA-2, Option E (50kV-220kV)",2024-10-01 06:00:00+00:00,539f6f78ec4f024411eccf01,"Time-Of-Use Agricutural and Pumping - Small to Medium: TOU-PA-2, Option A (50kV-220kV)",2014-01-01 13:00:00+00:00,True,10.746064339493497,,False
539f6fcbec4f024411ecd2d1,E-19 Medium General Demand TOU (Secondary),Pacific Gas & Electric Co,69de7e4cd600f18ec30600ac,E-19 Medium General Demand TOU (Secondary),2026-03-27 07:00:00+00:00,574db6805457a30a7e5e629e,E-19 Medium General Demand TOU (Secondary),2016-03-24 07:00:00+00:00,False,10.00684462696783,0.04959051433567918,False
539f700dec4f024411ecd569,"Time-Of-Use Agricultural and Pumping-Small to Medium: TOU-PA-2, Option D (Under 2kV)",Southern California Edison Co,6757312aea28e776f407275d,"Time-Of-Use Agricultural and Pumping-Small to Medium: TOU-PA-2, Option D (Under 2kV)",2024-10-01 06:00:00+00:00,539f700dec4f024411ecd569,"Time-Of-Use Agricultural and Pumping-Small to Medium: TOU-PA-2, Option B (Under 2kV)",2014-01-01 08:00:00+00:00,True,10.746064339493497,-0.003558608214483172,False
539f700eec4f024411ecd5ad,Power - Agricultural and Pumping Connected Load Basis: PA-1 (50kV-220kv),Southern California Edison Co,675729e6736d71dbcf099eef,Power - Agricultural and Pumping Connected Load Basis: PA-1 (50kV-220kv),2024-10-01 06:00:00+00:00,539f700eec4f024411ecd5ad,Power - Agricultural and Pumping Connected Load Basis: PA-1 (50kV-220),2014-01-01 13:00:00+00:00,True,10.746064339493497,,False
539f700eec4f024411ecd5c3,GS-1 TOU A General Service Non-Demand Three Phase (50 kV - 220 kV),Southern California Edison Co,66d094a27e3589017b0ce76f,GS-1 TOU A General Service Non-Demand Three Phase (50 kV - 220 kV),2024-06-01 07:00:00+00:00,539f700eec4f024411ecd5c3,GS-1 General Service Non-Demand Three Phase Above 50 kV but below 220 kV Discount,2014-01-01 13:00:00+00:00,True,10.412046543463381,,False
539f7162ec4f024411ece53d,A-10 Medium General Demand Service (Transmission Voltage),Pacific Gas & Electric Co,69de895bc6b8d5269401c6ee,A-10 Medium General Demand Service (Transmission Voltage),2026-03-27 07:00:00+00:00,574cc5745457a3f8595e629e,A-10 Medium General Demand Service (Transmission Voltage),2016-03-24 07:00:00+00:00,False,10.00684462696783,,False
539f71c5ec4f024411ecea01,Large Agricultural Service Demand Rate AG (ASD),Sacramento Municipal Utility District,68c084bc6f4f7d79f9018db8,Large Agricultural Service Demand Rate AG (ASD),2025-05-01 07:00:00+00:00,557af4fc5457a313618ba375,Large Agricultural Service Demand Rates AG (ASD),2015-04-10 07:00:00+00:00,True,10.05886379192334,,False
539f723eec4f024411ecef1d,Subtransmission Service A-3 (A),Los Angeles Department of Water & Power,69eb9f55805b2131910774e2,Subtransmission Service A-3 (A),2026-04-01 07:00:00+00:00,57213ec95457a3e23bb3387b,Subtransmission Service A-3 (A),2016-04-01 07:00:00+00:00,False,9.998631074606434,-0.0056695119613395795,False
539f728eec4f024411ecf25d,Customer Generation Primary Service (4.8kV) CG-2A,Los Angeles Department of Water & Power,69eba10b805b2131910774e3,Customer Generation Primary Service (4.8kV) CG-2A,2026-04-01 07:00:00+00:00,572142dd5457a39651b3387f,Customer Generation Primary Service (4.8kV) CG-2A,2016-04-01 07:00:00+00:00,False,9.998631074606434,-0.18741786243285352,False
539f729fec4f024411ecf2f1,SCHEDULE GL LARGE GENERAL SERVICE,Imperial Irrigation District,5b0f26815457a30861733305,SCHEDULE GL LARGE GENERAL SERVICE,2015-01-01 08:00:00+00:00,539f729fec4f024411ecf2f1,SCHEDULE GL LARGE GENERAL SERVICE,1998-01-01 13:00:00+00:00,False,16.996577686516083,,False
539f72a0ec4f024411ecf34b,SCHEDULE GS GENERAL SERVICE,Imperial Irrigation District,54bfef0a5357a3db776bdba2,SCHEDULE GS GENERAL SERVICE,2015-01-01 07:00:00+00:00,539f72a0ec4f024411ecf34b,SCHEDULE GS GENERAL SERVICE,1998-01-01 13:00:00+00:00,False,16.996577686516083,,False
539f7349ec4f024411ecfaff,"Small Nondemand, Nonmetered service (GFN)",Sacramento Municipal Utility District,68c08b491f5bad3051057c38,"Small Nondemand, Nonmetered service (GFN)",2025-05-01 07:00:00+00:00,5579fdc45457a3546f8ba375,"Small Nondemand, nonmetered service GFN",2015-04-10 07:00:00+00:00,True,10.05886379192334,,False
539f737cec4f024411ecfced,Small General Service (A-1)(A),Los Angeles Department of Water & Power,69eb97e3f253a30c3f0075f2,Small General Service (A-1)(A),2026-04-01 07:00:00+00:00,572139c55457a39651b3387e,Small General Service (A-1)(A),2016-04-01 07:00:00+00:00,False,9.998631074606434,,False
539f7428ec4f024411ed051d,Power - Agricultural and Pumping Connected Load Basis: PA-1 (Under 2kV),Southern California Edison Co,675729da736d71dbcf099eed,Power - Agricultural and Pumping Connected Load Basis: PA-1 (Under 2kV),2024-10-01 06:00:00+00:00,539f7428ec4f024411ed051d,Power - Agricultural and Pumping Connected Load Basis: PA-1 (Under 2kV),2014-01-01 08:00:00+00:00,False,10.746064339493497,,False
539f7438ec4f024411ed05db,E-19 Medium General Demand TOU (Primary),Pacific Gas & Electric Co,6758af5fc5babc88b40fe41d,E-19 Medium General Demand TOU (Primary),2024-10-01 07:00:00+00:00,5400a3355257a3382999cb99,"E-19 -Medium General Demand- TOU (Primary, Mandatory)",2014-05-01 07:00:00+00:00,True,10.420260095824778,0.05240833976593362,False
539f74a0ec4f024411ed0a27,CI-TOD3: Commercial and Industrial TOD Primary (500-999 kW),Sacramento Municipal Utility District,68c0ca8b6f4f7d79f9018dbb,CI-TOD3: Commercial and Industrial TOD Primary (500-999 kW),2025-05-01 07:00:00+00:00,557aff945457a3e6728ba377,Medium General Service Time of Use GS-TOU2 (GUP_M),2015-04-10 07:00:00+00:00,True,10.05886379192334,-0.17873828926771274,False
539f74a1ec4f024411ed0a8b,"Time-Of-Use Agricultural and Pumping-Small to Medium: TOU-PA-2, Option D (at 220kV)",Southern California Edison Co,6757313a736d71dbcf099ef3,"Time-Of-Use Agricultural and Pumping-Small to Medium: TOU-PA-2, Option D (at 220kV)",2024-10-01 06:00:00+00:00,539f74a1ec4f024411ed0a8b,"Time-Of-Use Agricultural and Pumping-Small to Medium: TOU-PA-2, Option B (at 220kV)",2014-01-01 13:00:00+00:00,True,10.746064339493497,-0.12483943986545254,False
539f74e4ec4f024411ed0d3b,"Time-Of-Use Agricultural and Pumping - Large: TOU-PA-3, Option D (2kV-50kV)",Southern California Edison Co,675739adbe684656110eb22d,"Time-Of-Use Agricultural and Pumping - Large: TOU-PA-3, Option D (2kV-50kV)",2024-10-01 06:00:00+00:00,539f74e4ec4f024411ed0d3b,"Time-Of-Use Agricultural and Pumping - Large: TOU-PA-3, Option B (2kV-50kV)",2014-01-01 13:00:00+00:00,True,10.746064339493497,-0.10619885199394952,False
539f74f4ec4f024411ed0e0b,SCHEDULE A-2 GENERAL WHOLESALE POWER SERVICE,Imperial Irrigation District,54bff6f85357a3d9776bdba2,SCHEDULE A-2 GENERAL WHOLESALE POWER SERVICE,2015-01-01 07:00:00+00:00,539f74f4ec4f024411ed0e0b,SCHEDULE A-2 GENERAL WHOLESALE POWER SERVICE,1998-01-01 13:00:00+00:00,False,16.996577686516083,,False
539f7505ec4f024411ed0ed1,"Time-Of-Use Agricultural and Pumping - Large: TOU-PA-3, Option E (50kV-220kV)",Southern California Edison Co,675744a0c33fc66a3504cc90,"Time-Of-Use Agricultural and Pumping - Large: TOU-PA-3, Option E (50kV-220kV)",2024-10-01 06:00:00+00:00,539f7505ec4f024411ed0ed1,"Time-Of-Use Agricultural and Pumping - Large: TOU-PA-3, Option A (50kV-220kV)",2014-01-01 08:00:00+00:00,True,10.746064339493497,,False
539f7528ec4f024411ed10d1,A-1 Small General Service TOU  (Single-Phase),Pacific Gas & Electric Co,69de883c57e73279b70d783e,A-1 Small General Service TOU  (Single-Phase),2026-03-27 07:00:00+00:00,574cbefc5457a3992c5e629e,A-1 Small General Service TOU  (Single-Phase),2016-03-24 07:00:00+00:00,False,10.00684462696783,,False
539f754bec4f024411ed1291,CI-TOD3: Commercial and Industrial TOD Secondary (500-999 kW),Sacramento Municipal Utility District,68c0ca32d7afaa668b0dc6fb,CI-TOD3: Commercial and Industrial TOD Secondary (500-999 kW),2025-05-01 07:00:00+00:00,557afc6e5457a3f0108ba37c,Medium General Service Time of Use GS-TOU2 (GUS_M),2015-04-10 07:00:00+00:00,True,10.05886379192334,0.039217565613224314,False
539f75d4ec4f024411ed186d,Agriculture Power TOU rate (AG-4F),Pacific Gas & Electric Co,69dea868fef8e27e5706661e,Agriculture Power TOU rate (AG-4F),2026-03-27 07:00:00+00:00,574db0b65457a344795e629d,Agriculture Power TOU rate (AG-4F),2016-03-24 07:00:00+00:00,False,10.00684462696783,0.018076532243685772,False
539fb3dcec4f024bc1dbe2bb,A-10 Medium General Demand Service TOU (Transmission Voltage),Pacific Gas & Electric Co,69de8a32820adfee230a016b,A-10 Medium General Demand Service TOU (Transmission Voltage),2026-03-27 07:00:00+00:00,574cc7b65457a3f9595e62a0,A-10 Medium General Demand Service TOU (Transmission Voltage),2016-03-24 07:00:00+00:00,False,10.00684462696783,,False
539fb400ec4f024bc1dbe465,"E-19 Medium General Demand TOU (Transmission, Voluntary)",Pacific Gas & Electric Co,69de8052fcf14d499f019a5d,"E-19 Medium General Demand TOU (Transmission, Voluntary)",2026-03-27 07:00:00+00:00,574dbb495457a34d795e629f,"E-19 Medium General Demand TOU (Transmission, Voluntary)",2016-03-24 07:00:00+00:00,False,10.00684462696783,0.05507725524408791,False
539fb411ec4f024bc1dbe509,Primary Service Time-Of-Use A-2 (B),Los Angeles Department of Water & Power,69eb9e43387d9dc4ee0a5f4f,Primary Service Time-Of-Use A-2 (B),2026-04-01 07:00:00+00:00,57213c0f5457a34933b3387c,Primary Service A-2 Rate Time-Of-Use (TOU),2016-04-01 07:00:00+00:00,True,9.998631074606434,-0.01152727349574767,False
539fb469ec4f024bc1dbe95b,Power - Agricultural and Pumping Connected Load Basis: PA-1 (2kV-50kV),Southern California Edison Co,675729df736d71dbcf099eee,Power - Agricultural and Pumping Connected Load Basis: PA-1 (2kV-50kV),2024-10-01 06:00:00+00:00,539fb469ec4f024bc1dbe95b,Power - Agricultural and Pumping Connected Load Basis: PA-1 (2kV-50kV),2014-01-01 13:00:00+00:00,False,10.746064339493497,,False
539fb47bec4f024bc1dbea3b,CI-TOD2: Commercial and Industrial TOD Primary (300-499 kW),Sacramento Municipal Utility District,68c0c9bc1f5bad3051057c3c,CI-TOD2: Commercial and Industrial TOD Primary (300-499 kW),2025-05-01 07:00:00+00:00,557b06435457a33a048ba376,Small General Service Time of Use GS-TOU3 (GUP_S),2015-04-10 07:00:00+00:00,True,10.05886379192334,0.037242777783693226,False
539fb505ec4f024bc1dbf067,Large Agriculture Optional Time of Day AG (AOD),Sacramento Municipal Utility District,68c0878f90fd5c0e640f716a,Large Agriculture Optional Time of Day AG (AOD),2025-05-01 07:00:00+00:00,557af7635457a3be2b8ba37d,Large Agriculture Optional Time of Use (AG AOD),2015-04-10 07:00:00+00:00,True,10.05886379192334,,False
539fb528ec4f024bc1dbf205,Small Agricultural Optional Time of Day AG (AON),Sacramento Municipal Utility District,68c085a890fd5c0e640f7169,Small Agricultural Optional Time of Day AG (AON),2025-05-01 07:00:00+00:00,557aeba65457a33a048ba375,Small Agricultural Optional Time of Use AG (AON),2015-04-10 07:00:00+00:00,True,10.05886379192334,,False
539fb57eec4f024bc1dbf5a3,Agriculture Power TOU Rate (AG-4E),Pacific Gas & Electric Co,69dea85d5522f8f29a014b5e,Agriculture Power TOU Rate (AG-4E),2026-03-27 07:00:00+00:00,574dafe75457a30e7e5e629e,Agriculture Power TOU Rate (AG-4E),2016-03-24 07:00:00+00:00,False,10.00684462696783,-0.017098761608909774,False
539fb61bec4f024bc1dbfcab,SCHEDULE PM MUNICIPAL SERVICE,Imperial Irrigation District,5b0f25165457a3fa42733306,SCHEDULE PM MUNICIPAL SERVICE,2015-01-01 08:00:00+00:00,539fb61bec4f024bc1dbfcab,SCHEDULE PM MUNICIPAL SERVICE,1998-01-01 13:00:00+00:00,False,16.996577686516083,,False
539fb61bec4f024bc1dbfcb1,"Time-Of-Use - General Service - Large: TOU-8, Option R (2kV - 50kV)",Southern California Edison Co,674f6d2452205216e80c25e9,"Time-Of-Use - General Service - Large: TOU-8, Option R (2kV - 50kV)",2024-10-01 06:00:00+00:00,539fb61bec4f024bc1dbfcb1,"Time-Of-Use - General Service - Large: TOU-8, Option R (2kV - 50kV)",2014-01-01 13:00:00+00:00,False,10.746064339493497,,False
539fb64fec4f024bc1dbff09,"Time-Of-Use Agricultural and Pumping - Large: TOU-PA-3, Option D (Under 2kV)",Southern California Edison Co,675739a8be684656110eb22c,"Time-Of-Use Agricultural and Pumping - Large: TOU-PA-3, Option D (Under 2kV)",2024-10-01 06:00:00+00:00,539fb64fec4f024bc1dbff09,"Time-Of-Use Agricultural and Pumping - Large: TOU-PA-3, Option B (Under 2kV)",2014-01-01 08:00:00+00:00,True,10.746064339493497,0.013531261999411237,False
539fb6c8ec4f024bc1dc0493,Agriculture Power TOU Rate (AG-4B),Pacific Gas & Electric Co,69dea8571ae3be1716020edc,Agriculture Power TOU Rate (AG-4B),2026-03-27 07:00:00+00:00,574dacae5457a30a7e5e629d,Agriculture Power TOU Rate (AG-4B),2016-03-24 07:00:00+00:00,False,10.00684462696783,-0.017098761608909774,False
539fb6fbec4f024bc1dc0657,"Time-Of-Use - General Service - Large: TOU-8, Option B (Under 2 kV)",Southern California Edison Co,674f36b9673ef28d960361a8,"Time-Of-Use - General Service - Large: TOU-8, Option B (Under 2 kV)",2024-10-01 06:00:00+00:00,539fb6fbec4f024bc1dc0657,"Time-Of-Use - General Service - Large: TOU-8, Option B (under 2 kV)",2014-01-01 13:00:00+00:00,True,10.746064339493497,-0.16024233106849806,False
539fb751ec4f024bc1dc0a8b,"Time of Use, General Service, Demand Metered, Option R: GS-2 TOU R - Three phase (at 220kV)",Southern California Edison Co,6753560af85ef1eed60bd850,"Time of Use, General Service, Demand Metered, Option R: GS-2 TOU R - Three phase (at 220kV)",2024-10-01 06:00:00+00:00,539fb751ec4f024bc1dc0a8b,"Time of Use, General Service, Demand Metered, Option R: GS-2 TOU R - Three phase (at 220kV)",2014-01-01 13:00:00+00:00,False,10.746064339493497,,False
539fb7aaec4f024bc1dc0e9f,A-10 Medium General Demand Service TOU (Primary Voltage),Pacific Gas & Electric Co,69de8a2d08c252b4010e1d41,A-10 Medium General Demand Service TOU (Primary Voltage),2026-03-27 07:00:00+00:00,574cc7015457a3f8595e629f,A-10 Medium General Demand Service TOU (Primary Voltage),2016-03-24 07:00:00+00:00,False,10.00684462696783,,False
539fb7dcec4f024bc1dc107d,A-10 Medium General Demand Service (Secondary Voltage),Pacific Gas & Electric Co,69de8950a6e15ebd62035b3d,A-10 Medium General Demand Service (Secondary Voltage),2026-03-27 07:00:00+00:00,574cc43b5457a3f9595e629f,A-10 Medium General Demand Service (Secondary Voltage),2016-03-24 07:00:00+00:00,False,10.00684462696783,,False
539fb825ec4f024bc1dc1427,Power-Agricultural and Pumping Demand Metered: PA-2 (at 220kV),Southern California Edison Co,67572f4fc33fc66a3504cc8f,Power-Agricultural and Pumping Demand Metered: PA-2 (at 220kV),2024-10-01 06:00:00+00:00,539fb825ec4f024bc1dc1427,Power-Agricultural and Pumping Demand Metered: PA-2 (at 220kV),2014-01-01 13:00:00+00:00,False,10.746064339493497,-0.16943609141423177,False
539fb88bec4f024bc1dc1897,"Time-Of-Use - General Service - Large: TOU-8, Option B (50kV - 220kV)",Southern California Edison Co,674f36c6d1b9875c3d07cd2b,"Time-Of-Use - General Service - Large: TOU-8, Option B (50kV - 220kV)",2024-10-01 06:00:00+00:00,539fb88bec4f024bc1dc1897,"Time-Of-Use - General Service - Large: TOU-8, Option B (above 50kV)",2014-01-01 13:00:00+00:00,True,10.746064339493497,-0.13658459085685748,False
539fb919ec4f024bc1dc1e5f,AL-TOU Secondary (Above 500kW),San Diego Gas & Electric Co,6772f0268322c2ebdc04e77e,AL-TOU Secondary (Above 500kW),2024-10-01 06:00:00+00:00,5405e7c85257a3d222af34b2,AL-TOU Secondary,2014-08-01 07:00:00+00:00,True,10.165639972621491,0.18138038892829944,False
539fb992ec4f024bc1dc23ef,Small Agricultural Service Nondemand Rate AG (ASN),Sacramento Municipal Utility District,68c0830d90fd5c0e640f7168,Small Agricultural Service Nondemand Rate AG (ASN),2025-05-01 07:00:00+00:00,557aeada5457a3be2b8ba37b,Small Agricultural Service Nondemand Rates AG (ASN),2015-04-10 07:00:00+00:00,True,10.05886379192334,,False
539fba43ec4f024bc1dc2bc9,Power - Agricultural and Pumping Connected Load Basis: PA-1 (at 220kV),Southern California Edison Co,675729ee736d71dbcf099ef0,Power - Agricultural and Pumping Connected Load Basis: PA-1 (at 220kV),2024-10-01 06:00:00+00:00,539fba43ec4f024bc1dc2bc9,Power - Agricultural and Pumping Connected Load Basis: PA-1 (at 220kV),2014-01-01 13:00:00+00:00,False,10.746064339493497,,False
539fba79ec4f024bc1dc2e2f,Agriculture Power AG-1 (Rate A),Pacific Gas & Electric Co,69de97d0f3508cead300dc5f,Agriculture Power AG-1 (Rate A),2026-03-27 07:00:00+00:00,574da8065457a3de795e629d,Agriculture Power AG-1 (Rate A),2016-03-24 07:00:00+00:00,False,10.00684462696783,0.08128713114493502,False
539fbd14ec4f024c27d877a5,"Time of Use, General Service, Demand Metered, Option R: GS-2 TOU R - Single phase (at 220kV)",Southern California Edison Co,67535631c8947b02cd012d4f,"Time of Use, General Service, Demand Metered, Option R: GS-2 TOU R - Single phase (at 220kV)",2024-10-01 06:00:00+00:00,539fbd14ec4f024c27d877a5,"Time of Use, General Service, Demand Metered, Option R: GS-2 TOU R - Single phase (at 220kV)",2014-01-01 13:00:00+00:00,False,10.746064339493497,,False
539fbe00ec4f024c27d881dd,"Time-Of-Use Agricultural and Pumping - Large: TOU-PA-3, Option D (50kV-220kV)",Southern California Edison Co,675739bcfe4f0b50f502798e,"Time-Of-Use Agricultural and Pumping - Large: TOU-PA-3, Option D (50kV-220kV)",2024-10-01 06:00:00+00:00,539fbe00ec4f024c27d881dd,"Time-Of-Use Agricultural and Pumping - Large: TOU-PA-3, Option B (50kV-220kV)",2014-01-01 13:00:00+00:00,True,10.746064339493497,-0.10619885199394952,False
539fbe00ec4f024c27d88209,A-1-Small General Service-Non-Time of Use Rate (Single-Phase),Pacific Gas & Electric Co,69de87e8a6e15ebd62035b3c,A-1-Small General Service-Non-Time of Use Rate (Single-Phase),2026-03-27 07:00:00+00:00,574cbd8e5457a37c445e629e,A-1-Small General Service-Non-Time of Use Rate (Single-Phase),2016-03-24 07:00:00+00:00,False,10.00684462696783,,False
539fbe44ec4f024c27d88493,SCHEDULE MH MASTER METERED MOBILE HOME/RV PARK SERVICE,Imperial Irrigation District,54bff7fb5357a3da776bdba2,SCHEDULE MH MASTER METERED MOBILE HOME/RV PARK SERVICE,2015-01-01 07:00:00+00:00,539fbe44ec4f024c27d88493,SCHEDULE MH MASTER METERED MOBILE HOME/RV PARK SERVICE,1998-01-01 13:00:00+00:00,False,16.996577686516083,,False
539fbe67ec4f024c27d88657,Customer Generation Subtransmission (34.5kV) CG-3A,Los Angeles Department of Water & Power,69ef983843b1cb28bd04394b,Customer Generation Subtransmission (34.5kV) CG-3A,2026-04-01 07:00:00+00:00,572143c75457a34933b3387d,Customer Generation Subtransmission (34.5kV) CG-3A,2016-04-01 07:00:00+00:00,False,9.998631074606434,-0.17192814248954313,False
539fbe8fec4f024c27d88791,A6-TOU Primary,San Diego Gas & Electric Co,6774234bb5f9d561220eced5,A6-TOU Primary,2024-10-01 06:00:00+00:00,5405fff05257a37424af34b1,A6-TOU (Primary),2014-08-01 07:00:00+00:00,True,10.165639972621491,0.17872898349353528,False
539fbed8ec4f024c27d88ae3,SCHEDULE PA AGRICULTURAL PUMPING SERVICE,Imperial Irrigation District,54bff7935357a3db776bdba3,SCHEDULE PA AGRICULTURAL PUMPING SERVICE,2015-01-01 07:00:00+00:00,539fbed8ec4f024c27d88ae3,SCHEDULE PA AGRICULTURAL PUMPING SERVICE,1998-01-01 13:00:00+00:00,False,16.996577686516083,,False
539fbf45ec4f024c27d88f6f,Transmission Service (A-4)(A),Los Angeles Department of Water & Power,69eba022d944dd4e3c095d42,Transmission Service (A-4)(A),2026-04-01 07:00:00+00:00,5721400f5457a3e23bb3387c,Transmission Service (A-4)(A),2016-04-01 07:00:00+00:00,False,9.998631074606434,0.0,False
539fbfc6ec4f024c27d89531,"Time of Use, General Service, Demand Metered, Option R: GS-2 TOU R - Single phase (2kV-50kV)",Southern California Edison Co,67535623a7d2ac0ef60003c2,"Time of Use, General Service, Demand Metered, Option R: GS-2 TOU R - Single phase (2kV-50kV)",2024-10-01 06:00:00+00:00,539fbfc6ec4f024c27d89531,"Time of Use, General Service, Demand Metered, Option R: GS-2 TOU R - Single phase (Under 2kV)",2014-01-01 08:00:00+00:00,True,10.746064339493497,,False
539fbfc6ec4f024c27d8953b,Agriculture Power AG-1 (Rate B) Secondary,Pacific Gas & Electric Co,69de97db6c6b1b3352045e3e,Agriculture Power AG-1 (Rate B) Secondary,2026-03-27 07:00:00+00:00,574da8e05457a3d3795e629d,Agriculture Power AG-1 (Rate B),2016-03-24 07:00:00+00:00,True,10.00684462696783,,False
539fbfeaec4f024c27d896af,A-6 Small General Service TOU Poly Phase,Pacific Gas & Electric Co,69de98911ae3be1716020edb,A-6 Small General Service TOU Poly Phase,2026-03-27 07:00:00+00:00,574cc1b25457a39b4c5e62a0,A-6 Small General Service TOU Poly Phase,2016-03-24 07:00:00+00:00,False,10.00684462696783,,False
539fc137ec4f024c27d8a4b9,Power-Agricultural and Pumping Demand Metered: PA-2 (50kV-220kV),Southern California Edison Co,67572f49c33fc66a3504cc8e,Power-Agricultural and Pumping Demand Metered: PA-2 (50kV-220kV),2024-10-01 06:00:00+00:00,539fc137ec4f024c27d8a4b9,Power-Agricultural and Pumping Demand Metered: PA-2 (50kV-220kV),2014-01-01 13:00:00+00:00,False,10.746064339493497,-0.16943609141423177,False
539fc203ec4f024c27d8ace7,A-10 Medium General Demand Service (Primary Voltage),Pacific Gas & Electric Co,69de8955c3f455511f06359f,A-10 Medium General Demand Service (Primary Voltage),2026-03-27 07:00:00+00:00,574cc50c5457a3992c5e629f,A-10 Medium General Demand Service (Primary Voltage),2016-03-24 07:00:00+00:00,False,10.00684462696783,,False
539fc217ec4f024c27d8ae25,"E-19 Medium General Demand TOU (Secondary, Voluntary)",Pacific Gas & Electric Co,69de7e5220aaf9dd060cab5d,"E-19 Medium General Demand TOU (Secondary, Voluntary)",2026-03-27 07:00:00+00:00,574db9255457a30b7e5e629e,"E-19 Medium General Demand TOU (Secondary, Voluntary)",2016-03-24 07:00:00+00:00,False,10.00684462696783,0.04959051433567918,False
539fc23bec4f024c27d8af65,"Time of Use, General Service, Demand Metered, Option R: GS-2 TOU R - Single phase (50kV - 220kV)",Southern California Edison Co,6753562ac8947b02cd012d4e,"Time of Use, General Service, Demand Metered, Option R: GS-2 TOU R - Single phase (50kV - 220kV)",2024-10-01 06:00:00+00:00,539fc23bec4f024c27d8af65,"Time of Use, General Service, Demand Metered, Option R: GS-2 TOU R - Single phase (50kV - 220kV)",2014-01-01 13:00:00+00:00,False,10.746064339493497,,False
539fc260ec4f024c27d8b167,"Time of Use, General Service, Demand Metered, Option B: GS-2 TOU B, Single Phase (2kV - 50kV)",Southern California Edison Co,67531e6a1601d496ec0156b8,"Time of Use, General Service, Demand Metered, Option B: GS-2 TOU B, Single Phase (2kV - 50kV)",2024-10-01 06:00:00+00:00,539fc260ec4f024c27d8b167,"Time of Use, General Service, Demand Metered, Option B: GS-2 TOU B, Single Phase (2kv - 50kV)",2014-01-29 08:00:00+00:00,True,10.669404517453799,-0.007507914906833335,False
539fc333ec4f024c27d8b9b7,Power-Agricultural and Pumping Demand Metered: PA-2 (2kV-50kV),Southern California Edison Co,67572f43c33fc66a3504cc8d,Power-Agricultural and Pumping Demand Metered: PA-2 (2kV-50kV),2024-10-01 06:00:00+00:00,539fc333ec4f024c27d8b9b7,Power-Agricultural and Pumping Demand Metered: PA-2 (2kV-50kV),2014-01-01 13:00:00+00:00,False,10.746064339493497,-0.16943609141423177,False
539fc3c6ec4f024c27d8c00b,CI-TOD3: Commercial and Industrial TOD Subtransmission (500-999 kW),Sacramento Municipal Utility District,68c0cadc90fd5c0e640f716e,CI-TOD3: Commercial and Industrial TOD Subtransmission (500-999 kW),2025-05-01 07:00:00+00:00,557b03475457a35b328ba37a,Medium General Service Time of Use GS-TOU2 (GUT_M),2015-04-10 07:00:00+00:00,True,10.05886379192334,,False
539fc3ffec4f024c27d8c227,"Time-of-use - General Service - Demand Metered: TOU-GS-3, Option B (At 220kV)",Southern California Edison Co,6750790ecb87bf5ac20350c1,"Time-of-use - General Service - Demand Metered: TOU-GS-3, Option B (At 220kV)",2024-10-01 06:00:00+00:00,539fc3ffec4f024c27d8c227,"Time-of-use - General Service - Demand Metered: TOU-GS-3, Option B (At 220kV)",2014-01-01 13:00:00+00:00,False,10.746064339493497,-0.15146627926861256,False
539fc3ffec4f024c27d8c22d,CI-TOD2: Commercial and Industrial TOD Secondary (300-499 kW),Sacramento Municipal Utility District,68c0c9411f5bad3051057c3b,CI-TOD2: Commercial and Industrial TOD Secondary (300-499 kW),2025-05-01 07:00:00+00:00,557b06575457a3324c8ba377,Small General Service Time Of Use GS-TOU3 (GUS_S),2015-04-10 07:00:00+00:00,True,10.05886379192334,0.02659851046889594,False
539fc515ec4f024c27d8cda5,Agriculture Power TOU Rate (AG-4D),Pacific Gas & Electric Co,69dea85254d2cac2040b696f,Agriculture Power TOU Rate (AG-4D),2026-03-27 07:00:00+00:00,574daf515457a30e7e5e629d,Agriculture Power TOU Rate (AG-4D),2016-03-24 07:00:00+00:00,False,10.00684462696783,,False
539fc7ccec4f024d2f53e012,GS-1 TOU A General Service Non-Demand Three Phase (2 kV - 50 kV),Southern California Edison Co,66d094b853fce9ed17096f5e,GS-1 TOU A General Service Non-Demand Three Phase (2 kV - 50 kV),2024-06-01 07:00:00+00:00,539fc7ccec4f024d2f53e012,GS-1 General Service Non-Demand Three Phase 2kV to 50 kV Discount,2013-05-16 13:00:00+00:00,True,11.041752224503764,,False
539fc7f0ec4f024d2f53e176,E-19 Medium General Demand TOU (Transmission),Pacific Gas & Electric Co,69de804c1ae3be1716020eda,E-19 Medium General Demand TOU (Transmission),2026-03-27 07:00:00+00:00,574db8585457a344795e629e,E-19 Medium General Demand TOU (Transmission),2016-03-24 07:00:00+00:00,False,10.00684462696783,0.05507725524408791,False
539fc874ec4f024d2f53e6ea,"Time-Of-Use Agricultural and Pumping-Small to Medium: TOU-PA-2, Option D (50kV-220kV)",Southern California Edison Co,67573135736d71dbcf099ef2,"Time-Of-Use Agricultural and Pumping-Small to Medium: TOU-PA-2, Option D (50kV-220kV)",2024-10-01 06:00:00+00:00,539fc874ec4f024d2f53e6ea,"Time-Of-Use Agricultural and Pumping-Small to Medium: TOU-PA-2, Option B (50kV-220kV)",2014-01-01 13:00:00+00:00,True,10.746064339493497,-0.12483943986545254,False
539fc8beec4f024d2f53e9fc,Agriculture Power TOU Rate (AG-4A),Pacific Gas & Electric Co,69dea84d406310365e0f0810,Agriculture Power TOU Rate (AG-4A),2026-03-27 07:00:00+00:00,574dabb25457a3d3795e629e,Agriculture Power TOU Rate (AG-4A),2016-03-24 07:00:00+00:00,False,10.00684462696783,,False
539fc91bec4f024d2f53edca,CI-TOD1: Commercial and Industrial TOD Secondary (21-299 kW),Sacramento Municipal Utility District,68c08f5490fd5c0e640f716b,CI-TOD1: Commercial and Industrial TOD Secondary (21-299 kW),2025-05-01 07:00:00+00:00,5579f9d25457a305178ba37d,Small Demand Service GSS_T,2015-04-10 07:00:00+00:00,True,10.05886379192334,,False
539fc98bec4f024d2f53f262,GS-1 TOU A General Service Non-Demand Three Phase (At 220 kV),Southern California Edison Co,66d094887e3589017b0ce76e,GS-1 TOU A General Service Non-Demand Three Phase (At 220 kV),2024-06-01 07:00:00+00:00,539fc98bec4f024d2f53f262,GS-1 General Service Non-Demand Three Phase At 220 kV Discount,2014-01-01 13:00:00+00:00,True,10.412046543463381,,False
539fc99cec4f024d2f53f2fa,A-6 Small General Service TOU Single Phase,Pacific Gas & Electric Co,69de988dcef5d38e6a0fffac,A-6 Small General Service TOU Single Phase,2026-03-27 07:00:00+00:00,574cc0f45457a37c445e629f,A-6 Small General Service TOU Single Phase,2016-03-24 07:00:00+00:00,False,10.00684462696783,,False
539fca85ec4f024d2f53fc5a,"Time of Use, General Service, Demand Metered, Option R: GS-2 TOU R - Three phase (50kV-220kV)",Southern California Edison Co,67535605f85ef1eed60bd84f,"Time of Use, General Service, Demand Metered, Option R: GS-2 TOU R - Three phase (50kV-220kV)",2024-10-01 06:00:00+00:00,539fca85ec4f024d2f53fc5a,"Time of Use, General Service, Demand Metered, Option R: GS-2 TOU R - Three phase (Under 2kV)",2014-01-01 08:00:00+00:00,True,10.746064339493497,,False
539fcac2ec4f024d2f53ff2e,"Time-Of-Use Agricultural and Pumping-Small to Medium: TOU-PA-2, Option D (2kV-50kV)",Southern California Edison Co,67573130736d71dbcf099ef1,"Time-Of-Use Agricultural and Pumping-Small to Medium: TOU-PA-2, Option D (2kV-50kV)",2024-10-01 06:00:00+00:00,539fcac2ec4f024d2f53ff2e,"Time-Of-Use Agricultural and Pumping-Small to Medium: TOU-PA-2, Option B (2kV-50kV)",2014-01-01 13:00:00+00:00,True,10.746064339493497,-0.12483943986545254,False
555ce14c5457a351148b4569,Small General Service Time-Of-Use (A-1)(B),Los Angeles Department of Water & Power,69eb97e8805b2131910774e1,Small General Service Time-Of-Use (A-1)(B),2026-04-01 07:00:00+00:00,57213abf5457a32d59b3387b,Small General Service Time-Of-Use (A-1)(B),2016-04-01 07:00:00+00:00,False,9.998631074606434,,False
574f1d7d5457a39f4b5e629d,Large Agriculture Power TOU Rate (AG-5A),Pacific Gas & Electric Co,69deaa6a3b7f6b42a805fda0,Large Agriculture Power TOU Rate (AG-5A),2026-03-27 07:00:00+00:00,574f1d7d5457a39f4b5e629d,Large Agriculture Power TOU Rate (AG-5A),2016-03-24 07:00:00+00:00,False,10.00684462696783,,False
574f1f015457a30c485e629d,Large Agriculture Power TOU Rate (AG-5B),Pacific Gas & Electric Co,69deaa74c3f455511f0635a2,Large Agriculture Power TOU Rate (AG-5B),2026-03-27 07:00:00+00:00,574f1f015457a30c485e629d,Large Agriculture Power TOU Rate (AG-5B),2016-03-24 07:00:00+00:00,False,10.00684462696783,0.005417646616288296,False
574f20cc5457a3c24d5e629d,Large Agriculture Power TOU Rate (AG-5C),Pacific Gas & Electric Co,69deaa7f54d2cac2040b6970,Large Agriculture Power TOU Rate (AG-5C),2026-03-27 07:00:00+00:00,574f20cc5457a3c24d5e629d,Large Agriculture Power TOU Rate (AG-5C),2016-03-24 07:00:00+00:00,False,10.00684462696783,0.04939570855696784,False
574f225a5457a311475e629d,Large Agriculture Power TOU Rate (AG-5D),Pacific Gas & Electric Co,69deaa6ffef8e27e5706661f,Large Agriculture Power TOU Rate (AG-5D),2026-03-27 07:00:00+00:00,574f225a5457a311475e629d,Large Agriculture Power TOU Rate (AG-5D),2016-03-24 07:00:00+00:00,False,10.00684462696783,,False
574f23b95457a3ed445e629d,Large Agriculture Power TOU Rate (AG-5E),Pacific Gas & Electric Co,69deaa79d600f18ec30600ad,Large Agriculture Power TOU Rate (AG-5E),2026-03-27 07:00:00+00:00,574f23b95457a3ed445e629d,Large Agriculture Power TOU Rate (AG-5E),2016-03-24 07:00:00+00:00,False,10.00684462696783,0.005417646616288296,False
574f253b5457a3ed445e629e,Large Agriculture Power TOU Rate (AG-5F),Pacific Gas & Electric Co,69deaa836d1ebb0263094f0f,Large Agriculture Power TOU Rate (AG-5F),2026-03-27 07:00:00+00:00,574f253b5457a3ed445e629e,Large Agriculture Power TOU Rate (AG-5F),2016-03-24 07:00:00+00:00,False,10.00684462696783,0.04939570855696784,False
574f37ff5457a3ed445e629f,E-19 Medium General Demand TOU Option R (Secondary),Pacific Gas & Electric Co,69de7a20e547dde41109edff,E-19 Medium General Demand TOU Option R (Secondary),2026-03-27 07:00:00+00:00,574f37ff5457a3ed445e629f,E-19 Medium General Demand TOU Option R (Secondary),2016-03-24 07:00:00+00:00,False,10.00684462696783,0.3362233364624867,False
574f39765457a30d485e629d,E-19 Medium General Demand TOU Option R (Primary),Pacific Gas & Electric Co,69de7c756d1ebb0263094f0d,E-19 Medium General Demand TOU Option R (Primary),2026-03-27 07:00:00+00:00,574f39765457a30d485e629d,E-19 Medium General Demand TOU Option R (Primary),2016-03-24 07:00:00+00:00,False,10.00684462696783,0.33492222300135355,False
574f3a845457a30d485e629e,E-19 Medium General Demand TOU Option R (Transmission),Pacific Gas & Electric Co,69de7d02edea9919e60bad8e,E-19 Medium General Demand TOU Option R (Transmission),2026-03-27 07:00:00+00:00,574f3a845457a30d485e629e,E-19 Medium General Demand TOU Option R (Transmission),2016-03-24 07:00:00+00:00,False,10.00684462696783,,False
574f3c4c5457a30e485e629d,"E-19 Medium General Demand TOU Option R (Secondary, Voluntary)",Pacific Gas & Electric Co,69de7a41820adfee230a016a,"E-19 Medium General Demand TOU Option R (Secondary, Voluntary)",2026-03-27 07:00:00+00:00,574f3c4c5457a30e485e629d,"E-19 Medium General Demand TOU Option R (Secondary, Voluntary)",2016-03-24 07:00:00+00:00,False,10.00684462696783,0.3362233364624867,False
574f3dc75457a30c485e629e,"E-19 Medium General Demand TOU Option R (Primary, Voluntary)",Pacific Gas & Electric Co,69de7c7bc3f455511f06359e,"E-19 Medium General Demand TOU Option R (Primary, Voluntary)",2026-03-27 07:00:00+00:00,574f3dc75457a30c485e629e,"E-19 Medium General Demand TOU Option R (Primary, Voluntary)",2016-03-24 07:00:00+00:00,False,10.00684462696783,0.33492222300135355,False
574f3ea25457a39f4b5e629e,"E-19 Medium General Demand TOU Option R (Transmission, Voluntary)",Pacific Gas & Electric Co,69de7d0857e73279b70d783c,"E-19 Medium General Demand TOU Option R (Transmission, Voluntary)",2026-03-27 07:00:00+00:00,574f3ea25457a39f4b5e629e,"E-19 Medium General Demand TOU Option R (Transmission, Voluntary)",2016-03-24 07:00:00+00:00,False,10.00684462696783,,False
574f40fc5457a3975c5e629d,E-20 Maximum demand of 1000KW or more Option R (Secondary),Pacific Gas & Electric Co,69de8259c6b8d5269401c6ed,E-20 Maximum demand of 1000KW or more Option R (Secondary),2026-03-27 07:00:00+00:00,574f40fc5457a3975c5e629d,E-20 Maximum demand of 1000KW or more Option R (Secondary),2016-03-24 07:00:00+00:00,False,10.00684462696783,0.34563639347408714,False
574f42045457a30c485e629f,E-20 Maximum demand of 1000KW or more Option R (Primary),Pacific Gas & Electric Co,69de825eedea9919e60bad8f,E-20 Maximum demand of 1000KW or more Option R (Primary),2026-03-27 07:00:00+00:00,574f42045457a30c485e629f,E-20 Maximum demand of 1000KW or more Option R (Primary),2016-03-24 07:00:00+00:00,False,10.00684462696783,0.34647359746151385,False
574f43875457a31a675e629d,E-20 Maximum demand of 1000KW or more Option R (Transmission),Pacific Gas & Electric Co,69de826508c252b4010e1d40,E-20 Maximum demand of 1000KW or more Option R (Transmission),2026-03-27 07:00:00+00:00,574f43875457a31a675e629d,E-20 Maximum demand of 1000KW or more Option R (Transmission),2016-03-24 07:00:00+00:00,False,10.00684462696783,,False
5b5a345e5457a3056826b8f8,"Time of Use, General Service, Demand Metered, Option R: GS-2 TOU R - Three phase (Under 2kV)",Southern California Edison Co,67535613a7d2ac0ef60003c0,"Time of Use, General Service, Demand Metered, Option R: GS-2 TOU R - Three phase (Under 2kV)",2024-10-01 06:00:00+00:00,5b5a345e5457a3056826b8f8,"Time of Use, General Service, Demand Metered, Option R: GS-2 TOU R - Three phase (Under 2kV)",1999-01-01 08:00:00+00:00,False,25.746748802190282,,False
5b5b62fa5457a3a45d26b8f8,"Time of Use, General Service, Demand Metered, Option A: GS-2 TOU A, Three Phase (Under 2 kV)",Southern California Edison Co,5cdb9ca35457a3b62b40c5d3,"Time of Use, General Service, Demand Metered, Option A: GS-2 TOU A, Three Phase (Under 2 kV)",2019-04-12 07:00:00+00:00,5b5b62fa5457a3a45d26b8f8,"Time of Use, General Service, Demand Metered, Option A: GS-2 TOU A, Three Phase (Under 2 kV)",1999-01-01 08:00:00+00:00,False,20.27378507871321,,False
5b5b846a5457a3aa6926b8f8,"Time of Use, General Service, Demand Metered, Option B: GS-2 TOU B, Three Phase (Under 2 kV)",Southern California Edison Co,675350b394d97f080e04dbe0,"Time of Use, General Service, Demand Metered, Option B: GS-2 TOU B, Three Phase (Under 2 kV)",2024-10-01 06:00:00+00:00,5b5b846a5457a3aa6926b8f8,"Time of Use, General Service, Demand Metered, Option B: GS-2 TOU B, Three Phase (Under 2 kV)",1999-01-01 08:00:00+00:00,False,25.746748802190282,-0.00040972413047879463,False
